{"cameraMode":{"drawMode":0,"name":"Shaded","section":"Shading Mode"},"sceneLighting":true,"audioPlay":false,"sceneViewState":{"m_AlwaysRefresh":true,"showFog":true,"showSkybox":true,"showFlares":true,"showImageEffects":true,"showParticleSystems":true,"showVisualEffectGraphs":true,"m_FxEnabled":true},"in2DMode":false,"pivot":{"x":-15.02996826171875,"y":11.037075996398926,"z":-3.830648183822632},"rotation":{"x":0.1944735050201416,"y":0.35221028327941897,"z":-0.07507116347551346,"w":0.9124112725257874},"size":0.8044465780258179,"orthographic":false}