{"cameraMode":{"drawMode":0,"name":"Shaded","section":"Shading Mode"},"sceneLighting":true,"audioPlay":false,"sceneViewState":{"m_AlwaysRefresh":true,"showFog":true,"showSkybox":true,"showFlares":true,"showImageEffects":true,"showParticleSystems":true,"showVisualEffectGraphs":true,"m_FxEnabled":true},"in2DMode":false,"pivot":{"x":1.8172636032104493,"y":0.9070931673049927,"z":-0.4209601879119873},"rotation":{"x":0.20210784673690797,"y":-0.23959891498088838,"z":0.05106869712471962,"w":0.948228657245636},"size":3.064754009246826,"orthographic":false}