{"cameraMode":{"drawMode":0,"name":"Shaded","section":"Shading Mode"},"sceneLighting":true,"audioPlay":false,"sceneViewState":{"m_AlwaysRefresh":true,"showFog":true,"showSkybox":true,"showFlares":true,"showImageEffects":true,"showParticleSystems":true,"showVisualEffectGraphs":true,"m_FxEnabled":true},"in2DMode":false,"pivot":{"x":-6.278443813323975,"y":10.823895454406739,"z":-17.07427978515625},"rotation":{"x":0.23505860567092896,"y":0.12786392867565156,"z":-0.031213844195008279,"w":0.9630421996116638},"size":1.039230465888977,"orthographic":false}