{"cameraMode":{"drawMode":0,"name":"Shaded","section":"Shading Mode"},"sceneLighting":true,"audioPlay":false,"sceneViewState":{"m_AlwaysRefresh":true,"showFog":true,"showSkybox":true,"showFlares":true,"showImageEffects":true,"showParticleSystems":true,"showVisualEffectGraphs":true,"m_FxEnabled":true},"in2DMode":false,"pivot":{"x":-1.6752920150756837,"y":-7.468227386474609,"z":9.963142395019532},"rotation":{"x":0.21089014410972596,"y":-0.06738723069429398,"z":0.014574585482478142,"w":0.9750758409500122},"size":36.76995849609375,"orthographic":false}