{"cameraMode":{"drawMode":0,"name":"Shaded","section":"Shading Mode"},"sceneLighting":true,"audioPlay":false,"sceneViewState":{"m_AlwaysRefresh":true,"showFog":true,"showSkybox":true,"showFlares":true,"showImageEffects":true,"showParticleSystems":true,"showVisualEffectGraphs":true,"m_FxEnabled":true},"in2DMode":false,"pivot":{"x":-1.425754427909851,"y":-8.589112281799317,"z":112.5633316040039},"rotation":{"x":0.03898939490318298,"y":-0.005995398387312889,"z":0.00023393912124447525,"w":0.9992214441299439},"size":60.691368103027347,"orthographic":false}