{"cameraMode":{"drawMode":0,"name":"Shaded","section":"Shading Mode"},"sceneLighting":true,"audioPlay":false,"sceneViewState":{"m_AlwaysRefresh":true,"showFog":true,"showSkybox":true,"showFlares":true,"showImageEffects":true,"showParticleSystems":true,"showVisualEffectGraphs":true,"m_FxEnabled":true},"in2DMode":false,"pivot":{"x":1.6882215738296509,"y":0.34210777282714846,"z":0.28277236223220827},"rotation":{"x":0.006766570266336203,"y":-0.6613900065422058,"z":0.005935434252023697,"w":0.7500200867652893},"size":0.5911176204681397,"orthographic":false}