{"cameraMode":{"drawMode":0,"name":"Shaded","section":"Shading Mode"},"sceneLighting":true,"audioPlay":false,"sceneViewState":{"m_AlwaysRefresh":true,"showFog":true,"showSkybox":true,"showFlares":true,"showImageEffects":true,"showParticleSystems":true,"showVisualEffectGraphs":true,"m_FxEnabled":true},"in2DMode":false,"pivot":{"x":-1.5722427368164063,"y":-8.85222053527832,"z":-0.5314750671386719},"rotation":{"x":0.472924143075943,"y":0.029066268354654313,"z":-0.015612210147082806,"w":0.8804876208305359},"size":27.858577728271486,"orthographic":false}