{"cameraMode":{"drawMode":0,"name":"Shaded","section":"Shading Mode"},"sceneLighting":true,"audioPlay":false,"sceneViewState":{"m_AlwaysRefresh":true,"showFog":true,"showSkybox":true,"showFlares":true,"showImageEffects":true,"showParticleSystems":true,"showVisualEffectGraphs":true,"m_FxEnabled":true},"in2DMode":false,"pivot":{"x":0.01569957286119461,"y":4.8295063972473148,"z":-0.5442192554473877},"rotation":{"x":0.5695852637290955,"y":-0.002699856646358967,"z":0.001874470035545528,"w":0.8219338655471802},"size":5.597473621368408,"orthographic":false}