{"cameraMode":{"drawMode":0,"name":"Shaded","section":"Shading Mode"},"sceneLighting":true,"audioPlay":false,"sceneViewState":{"m_AlwaysRefresh":true,"showFog":true,"showSkybox":true,"showFlares":true,"showImageEffects":true,"showParticleSystems":true,"showVisualEffectGraphs":true,"m_FxEnabled":true},"in2DMode":false,"pivot":{"x":-13.151100158691407,"y":29.154396057128908,"z":-11.935930252075196},"rotation":{"x":0.47086143493652346,"y":0.1610422134399414,"z":-0.08787360042333603,"w":0.862929105758667},"size":6.111233711242676,"orthographic":false}