{"cameraMode":{"drawMode":0,"name":"Shaded","section":"Shading Mode"},"sceneLighting":true,"audioPlay":false,"sceneViewState":{"m_AlwaysRefresh":true,"showFog":true,"showSkybox":true,"showFlares":true,"showImageEffects":true,"showParticleSystems":true,"showVisualEffectGraphs":true,"m_FxEnabled":true},"in2DMode":false,"pivot":{"x":-2.0336272716522219,"y":3.6873247623443605,"z":-0.13729238510131837},"rotation":{"x":0.2667752802371979,"y":0.29737338423728945,"z":-0.08692950010299683,"w":0.9126076102256775},"size":2.9266209602355959,"orthographic":false}