{"cameraMode":{"drawMode":0,"name":"Shaded","section":"Shading Mode"},"sceneLighting":true,"audioPlay":false,"sceneViewState":{"m_AlwaysRefresh":true,"showFog":true,"showSkybox":true,"showFlares":true,"showImageEffects":true,"showParticleSystems":true,"showVisualEffectGraphs":true,"m_FxEnabled":true},"in2DMode":false,"pivot":{"x":0.5462309122085571,"y":-6.441524028778076,"z":16.38050651550293},"rotation":{"x":0.3087684214115143,"y":0.05275249481201172,"z":-0.017154205590486528,"w":0.9495188593864441},"size":13.399941444396973,"orthographic":false}