{"cameraMode":{"drawMode":0,"name":"Shaded","section":"Shading Mode"},"sceneLighting":true,"audioPlay":false,"sceneViewState":{"m_AlwaysRefresh":true,"showFog":true,"showSkybox":true,"showFlares":true,"showImageEffects":true,"showParticleSystems":true,"showVisualEffectGraphs":true,"m_FxEnabled":true},"in2DMode":false,"pivot":{"x":6.491518974304199,"y":12.377707481384278,"z":34.33207321166992},"rotation":{"x":0.1294131577014923,"y":-0.14021825790405274,"z":-0.018490463495254518,"w":-0.9814552068710327},"size":19.01786231994629,"orthographic":false}