{"cameraMode":{"drawMode":0,"name":"Shaded","section":"Shading Mode"},"sceneLighting":true,"audioPlay":false,"sceneViewState":{"m_AlwaysRefresh":true,"showFog":true,"showSkybox":true,"showFlares":true,"showImageEffects":true,"showParticleSystems":true,"showVisualEffectGraphs":true,"m_FxEnabled":true},"in2DMode":false,"pivot":{"x":0.9907044768333435,"y":-18.537841796875,"z":2.2385950088500978},"rotation":{"x":0.7007135152816773,"y":0.001070129917934537,"z":-0.001051038969308138,"w":0.7134411334991455},"size":45.442405700683597,"orthographic":false}