{"cameraMode":{"drawMode":0,"name":"Shaded","section":"Shading Mode"},"sceneLighting":true,"audioPlay":false,"sceneViewState":{"m_AlwaysRefresh":true,"showFog":true,"showSkybox":true,"showFlares":true,"showImageEffects":true,"showParticleSystems":true,"showVisualEffectGraphs":true,"m_FxEnabled":true},"in2DMode":false,"pivot":{"x":20.961166381835939,"y":3.1602134704589845,"z":12.924032211303711},"rotation":{"x":0.3636353015899658,"y":-0.40262600779533389,"z":0.178353413939476,"w":0.8208839893341065},"size":48.720706939697269,"orthographic":false}