{"cameraMode":{"drawMode":0,"name":"Shaded","section":"Shading Mode"},"sceneLighting":true,"audioPlay":false,"sceneViewState":{"m_AlwaysRefresh":true,"showFog":true,"showSkybox":true,"showFlares":true,"showImageEffects":true,"showParticleSystems":true,"showVisualEffectGraphs":true,"m_FxEnabled":true},"in2DMode":false,"pivot":{"x":-15.386990547180176,"y":-0.9466909766197205,"z":-18.503467559814454},"rotation":{"x":0.02750076726078987,"y":-0.9373829364776611,"z":0.07609444856643677,"w":0.3387715518474579},"size":25.41621971130371,"orthographic":false}