{"cameraMode":{"drawMode":0,"name":"Shaded","section":"Shading Mode"},"sceneLighting":true,"audioPlay":false,"sceneViewState":{"m_AlwaysRefresh":true,"showFog":true,"showSkybox":true,"showFlares":true,"showImageEffects":true,"showParticleSystems":true,"showVisualEffectGraphs":true,"m_FxEnabled":true},"in2DMode":false,"pivot":{"x":-4.990289688110352,"y":3.799281597137451,"z":9.719778060913086},"rotation":{"x":0.011642839759588242,"y":0.9872361421585083,"z":-0.08610707521438599,"w":0.1334870308637619},"size":1.1798704862594605,"orthographic":false}