{"cameraMode":{"drawMode":0,"name":"Shaded","section":"Shading Mode"},"sceneLighting":true,"audioPlay":false,"sceneViewState":{"m_AlwaysRefresh":true,"showFog":true,"showSkybox":true,"showFlares":true,"showImageEffects":true,"showParticleSystems":true,"showVisualEffectGraphs":true,"m_FxEnabled":true},"in2DMode":false,"pivot":{"x":-7.115481853485107,"y":6.688997268676758,"z":0.9290421605110169},"rotation":{"x":0.22164064645767213,"y":0.19104376435279847,"z":-0.04432889446616173,"w":0.9552046060562134},"size":3.9630210399627687,"orthographic":false}