{"cameraMode":{"drawMode":0,"name":"Shaded","section":"Shading Mode"},"sceneLighting":true,"audioPlay":false,"sceneViewState":{"m_AlwaysRefresh":true,"showFog":true,"showSkybox":true,"showFlares":true,"showImageEffects":true,"showParticleSystems":true,"showVisualEffectGraphs":true,"m_FxEnabled":true},"in2DMode":false,"pivot":{"x":464.2791748046875,"y":932.333251953125,"z":-56.954071044921878},"rotation":{"x":0.0044999802485108379,"y":-0.0014999856939539314,"z":0.000006749990461685229,"w":0.9999887347221375},"size":879.7315673828125,"orthographic":false}