{"cameraMode":{"drawMode":0,"name":"Shaded","section":"Shading Mode"},"sceneLighting":true,"audioPlay":false,"sceneViewState":{"m_AlwaysRefresh":true,"showFog":true,"showSkybox":true,"showFlares":true,"showImageEffects":true,"showParticleSystems":true,"showVisualEffectGraphs":true,"m_FxEnabled":true},"in2DMode":false,"pivot":{"x":7.174200534820557,"y":5.697875022888184,"z":-1.1920335292816163},"rotation":{"x":0.14788085222244264,"y":-0.22341039776802064,"z":0.03431358188390732,"w":0.962831974029541},"size":0.8660253882408142,"orthographic":false}