{"cameraMode":{"drawMode":0,"name":"Shaded","section":"Shading Mode"},"sceneLighting":true,"audioPlay":false,"sceneViewState":{"m_AlwaysRefresh":true,"showFog":true,"showSkybox":true,"showFlares":true,"showImageEffects":true,"showParticleSystems":true,"showVisualEffectGraphs":true,"m_FxEnabled":true},"in2DMode":false,"pivot":{"x":-28.581073760986329,"y":-2.7698817253112795,"z":9.768016815185547},"rotation":{"x":0.05050622671842575,"y":-0.6106849908828735,"z":0.0390709787607193,"w":0.7893001437187195},"size":19.084474563598634,"orthographic":false}