{"cameraMode":{"drawMode":0,"name":"Shaded","section":"Shading Mode"},"sceneLighting":true,"audioPlay":false,"sceneViewState":{"m_AlwaysRefresh":true,"showFog":true,"showSkybox":true,"showFlares":true,"showImageEffects":true,"showParticleSystems":true,"showVisualEffectGraphs":true,"m_FxEnabled":true},"in2DMode":false,"pivot":{"x":-1.6798806190490723,"y":1.1112165451049805,"z":2.3511290550231935},"rotation":{"x":0.2914935350418091,"y":-0.08508849889039993,"z":0.02604215033352375,"w":0.9524305462837219},"size":6.110499382019043,"orthographic":false}