{"cameraMode":{"drawMode":0,"name":"Shaded","section":"Shading Mode"},"sceneLighting":true,"audioPlay":false,"sceneViewState":{"m_AlwaysRefresh":true,"showFog":true,"showSkybox":true,"showFlares":true,"showImageEffects":true,"showParticleSystems":true,"showVisualEffectGraphs":true,"m_FxEnabled":true},"in2DMode":false,"pivot":{"x":1.3650853633880616,"y":-2.45713210105896,"z":8.111076354980469},"rotation":{"x":-0.14493879675865174,"y":-0.02581442892551422,"z":0.0037814765237271787,"w":-0.9891055226325989},"size":10.727143287658692,"orthographic":false}