{"cameraMode":{"drawMode":0,"name":"Shaded","section":"Shading Mode"},"sceneLighting":true,"audioPlay":false,"sceneViewState":{"m_AlwaysRefresh":true,"showFog":true,"showSkybox":true,"showFlares":true,"showImageEffects":true,"showParticleSystems":true,"showVisualEffectGraphs":true,"m_FxEnabled":true},"in2DMode":false,"pivot":{"x":7.370750904083252,"y":-13.203721046447754,"z":-34.608001708984378},"rotation":{"x":0.02541591413319111,"y":0.973960280418396,"z":-0.14062905311584474,"w":0.17601977288722993},"size":25.933185577392579,"orthographic":false}