{"cameraMode":{"drawMode":0,"name":"Shaded","section":"Shading Mode"},"sceneLighting":true,"audioPlay":false,"sceneViewState":{"m_AlwaysRefresh":true,"showFog":true,"showSkybox":true,"showFlares":true,"showImageEffects":true,"showParticleSystems":true,"showVisualEffectGraphs":true,"m_FxEnabled":true},"in2DMode":false,"pivot":{"x":0.40050721168518069,"y":0.4031878709793091,"z":-0.44822758436203005},"rotation":{"x":-0.16639010608196259,"y":-0.8295979499816895,"z":0.32942843437194826,"w":-0.4190135896205902},"size":1.2071218490600587,"orthographic":false}