{"cameraMode":{"drawMode":0,"name":"Shaded","section":"Shading Mode"},"sceneLighting":true,"audioPlay":false,"sceneViewState":{"m_AlwaysRefresh":true,"showFog":true,"showSkybox":true,"showFlares":true,"showImageEffects":true,"showParticleSystems":true,"showVisualEffectGraphs":true,"m_FxEnabled":true},"in2DMode":false,"pivot":{"x":13.99962329864502,"y":-1.7375695705413819,"z":-12.10879898071289},"rotation":{"x":0.033567994832992557,"y":0.9069013595581055,"z":-0.07361947745084763,"w":0.41350749135017397},"size":25.202409744262697,"orthographic":false}