{"cameraMode":{"drawMode":0,"name":"Shaded","section":"Shading Mode"},"sceneLighting":true,"audioPlay":false,"sceneViewState":{"m_AlwaysRefresh":true,"showFog":true,"showSkybox":true,"showFlares":true,"showImageEffects":true,"showParticleSystems":true,"showVisualEffectGraphs":true,"m_FxEnabled":false},"in2DMode":false,"pivot":{"x":-1.9852477312088013,"y":2.251251220703125,"z":6.323677062988281},"rotation":{"x":-0.022687340155243875,"y":-0.969796895980835,"z":0.09926355630159378,"w":-0.22166037559509278},"size":0.13819393515586854,"orthographic":false}