{"cameraMode":{"drawMode":0,"name":"Shaded","section":"Shading Mode"},"sceneLighting":true,"audioPlay":false,"sceneViewState":{"m_AlwaysRefresh":true,"showFog":true,"showSkybox":true,"showFlares":true,"showImageEffects":true,"showParticleSystems":true,"showVisualEffectGraphs":true,"m_FxEnabled":true},"in2DMode":false,"pivot":{"x":-0.2850818634033203,"y":0.32931259274482729,"z":0.10974638909101486},"rotation":{"x":0.20517916977405549,"y":-0.6788927912712097,"z":0.20666445791721345,"w":0.6740190982818604},"size":12.181882858276368,"orthographic":false}