{"cameraMode":{"drawMode":0,"name":"Shaded","section":"Shading Mode"},"sceneLighting":true,"audioPlay":false,"sceneViewState":{"m_AlwaysRefresh":true,"showFog":true,"showSkybox":true,"showFlares":true,"showImageEffects":true,"showParticleSystems":true,"showVisualEffectGraphs":true,"m_FxEnabled":true},"in2DMode":false,"pivot":{"x":-0.6450322270393372,"y":6.39107608795166,"z":-22.286474227905275},"rotation":{"x":0.1434449553489685,"y":-0.02820172905921936,"z":0.004087409004569054,"w":0.9892507195472717},"size":0.3499084711074829,"orthographic":false}