{"cameraMode":{"drawMode":0,"name":"Shaded","section":"Shading Mode"},"sceneLighting":true,"audioPlay":false,"sceneViewState":{"m_AlwaysRefresh":true,"showFog":true,"showSkybox":true,"showFlares":true,"showImageEffects":true,"showParticleSystems":true,"showVisualEffectGraphs":true,"m_FxEnabled":true},"in2DMode":false,"pivot":{"x":0.194529727101326,"y":0.5455621480941773,"z":0.11101770401000977},"rotation":{"x":0.06891107559204102,"y":0.031419843435287479,"z":-0.0021714167669415476,"w":0.9971259832382202},"size":1.532536506652832,"orthographic":false}