{"cameraMode":{"drawMode":0,"name":"Shaded","section":"Shading Mode"},"sceneLighting":true,"audioPlay":false,"sceneViewState":{"m_AlwaysRefresh":true,"showFog":true,"showSkybox":true,"showFlares":true,"showImageEffects":true,"showParticleSystems":true,"showVisualEffectGraphs":true,"m_FxEnabled":true},"in2DMode":false,"pivot":{"x":-0.9860972762107849,"y":-10.153646469116211,"z":40.21683883666992},"rotation":{"x":0.12503813207149507,"y":-0.022322168573737146,"z":0.0028132309671491386,"w":0.9919033050537109},"size":28.022476196289064,"orthographic":false}