{"cameraMode":{"drawMode":0,"name":"Shaded","section":"Shading Mode"},"sceneLighting":true,"audioPlay":false,"sceneViewState":{"m_AlwaysRefresh":true,"showFog":true,"showSkybox":true,"showFlares":true,"showImageEffects":true,"showParticleSystems":true,"showVisualEffectGraphs":true,"m_FxEnabled":true},"in2DMode":false,"pivot":{"x":7.960822582244873,"y":31.816728591918947,"z":-11.329723358154297},"rotation":{"x":0.5529263615608215,"y":-0.007498794235289097,"z":0.0049763028509914879,"w":0.8331830501556397},"size":1.463843584060669,"orthographic":false}